Sentence,Sentiment
Bitcoin hits all-time high,positive
Hunt for Bitcoin's elusive creator Satoshi Nakamoto hits another dead-end,negative
"Bitcoin roars to $71,000 as U.S. ",positive
"Apple is continuing its week of announcements by revealing the latest MacBook Pro lineup, as well as its new top-of-the-line chip. ",positive
Donald Trump's approach to Big Tech has oscillated between calls for stricter regulations for some players and a hands-off approach for others.,neutral
"Google will soon let children use Google Wallet and its tap-to-pay feature on Android phones, which debuted earlier this year with the Fitbit Ace LTE.",neutral
Apple secretly included quantum dot tech in the M4 MacBook Pro's display,neutral
What Crypto Wants From Trump,neutral
"The post-election rally has led stock exposure to jump to its highest level since 2013 amid a ""surge in bulls,"" BofA says.",positive
"Black Friday Apple deals 2024: The best Apple sales on iPads, AirPods, Apple Watches and MacBooks",neutral
State Based Bitcoin Reserves Could Help Drive Pro-Crypto Policies Forward,positive
Apple Goes Big This Black Friday: The MacBook Air M2 Is Now 2X Cheaper Than The Pro,positive
"Apple has partnered with select merchants to offer Apple Card users three percent Daily Cash back on their purchases, and two new companies were added to the partner list today. ",positive
The strong support from the crypto community for Trump’s return to the White House,neutral
Amazon's AirPods Pro 2 inventory is likely to sell out very quickly at this price point.,positive
Apple’s True Conversational ‘LLM Siri’ May Not Arrive on iPhones Until 2026,negative
"Released A Month Ago, The MacBook Pro M4 Has Had Its Price Slashed Heavily By Amazon",negative
The Greenidge Generation gas-fired power plant is home to a large bitcoin mining operation.,neutral
"Roman Sterlingov testified at trial that he never operated Bitcoin Fog, which allowed users to obfuscate the origins of their crypto.",neutral
"Shares of Trump's social media company, Elon Musk's Tesla, and both Coinbase and MicroStrategy jumped in anticipation of a second Trump term.",positive
"Apple showed off a new 24-inch iMac with a variety of color options, though there's still no option for a M4 Pro chip.",neutral
"A US judge sentences Russian-Swedish national Roman Sterlingov to 12.5 years for operating crypto mixer Bitcoin Fog from 2011 to 2021, laundering ~$400M  —  The founder of a cryptocurrency mixing service known as Bitcoin Fog was o",negative
A first look at Apple’s redesigned Mac Mini and its other new Macs,neutral
"The 40 Black Friday tech deals worth shopping from Amazon, Walmart, Apple, Anker and others",neutral
Indexes fell for a second day on Thursday as investors reacted to the latest tech earnings and digested the Fed's preferred inflation gauge.,negative
Bitcoin ETFs see highest daily outflows ever as traders brace for Election Day volatility,negative
An iPad for less than $200 is a new low.,positive
Shares of Block Inc. fell in late trading after the digital payments company posted third-quarter revenue that was below analysts’ forecasts. ,negative
Block Declines After Third-Quarter Revenue Misses Estimates,negative
Bitcoin hacker sentenced to five years in prison,negative
'King Bob' from Palm Coast facing additional federal charges in 'phishing scheme',negative
"Hope you weren’t expecting a revolution in the 14- and 16-inch MacBook Pro, though the next slate of high-end MacBooks now come base with 16GB of RAM.",neutral
What’s Your Parenting-Failure Style?,negative
"Bitcoin is soaring to new record highs, rallying in response to Donald Trump’s presidential election victory. ",positive
This is the record low price for an Apple tablet.,negative
The new Mac Mini is great — now do the iPhone SE,positive
Markets soared Wednesday morning after Donald Trump won the White House for a second term.,negative
"Just Before Black Friday, Amazon is Slashing Prices on The New MacBook Air With The XL 15-Inch Display",positive
Dollar jumps!,positive
"As Trump's win stirs uncertainty in Silicon Valley, tech investors weigh regulatory shifts, a changing M&A market, while pondering the future of antitrust policies under his administration.",negative
"A crypto wallet gives you greater control over your digital assets, so it's important to choose the one that fits your investment style.",positive
"The leading cryptocurrency traded above $70,000 on Tuesday morning, gaining 2.4%.",positive
"Solana, Popcat, Raydium, and more: Cryptocurrencies to watch this week",neutral
Laptop That Helped Bring Down Bitcoin Thief ‘Razzlekhan’ Is Now in the Smithsonian,neutral
"Bitcoin inches closer to $100,000. ",positive
"A new phishing email scam is incredibly alarming, but you don't have to fall for it. ",negative
"The S&P 500 will gain 11% by mid-2025 as the bull market accelerates under Trump, Evercore says",positive
The Apple AirPods Pro 2 hearing health features are finally live. ,neutral
Australia's proposed social media ban for kids is a 1950s solution to a 2024 problem,negative
"Fortunately for Apple, it just so happens to coincide with its earnings",neutral
Silicon Valley is officially grieving over Trump but quietly gleeful over a possible tech deal resurgence,neutral
"Donald Trump clinched victory in the 2024 U.S. presidential election, clearing the way for his return to the Oval Office.",neutral
"The cryptocurrency market is buzzing with anticipation as Bitcoin hovers tantalizingly close to to the elusive $100,000 milestone.",positive
"Black Friday Apple deals: The best sales we could find on AirPods, iPads, MacBooks and AirTags",neutral
Save with verified discounts in November 2024.,positive
"Small-cap stocks, supported by a pro-business Trump administration, could soar in the coming years, Fundstrat's Tom Less said.",positive
"On the heels of a rally sparked by Donald Trump’s presidential election win, Bitcoin’s price is finally moderating — but not before beating out silver to become the eighth largest asset in the world.",positive
Apple released iOS 18.1 a week ago on October 28.,neutral
"We gave it a score of 92 in our review, due in part to its great screen. ",positive
"This Is The Lowest Price Ever on The AirPods Pro 2, Amazon Has Slashed The Price Like Never Before For Black Friday",positive
"These sensors would be able to track things like blood pressure, and respiration rate measurements.",neutral
"A New Email Scam Is Shockingly Realistic, Here's Everything You Need To Know About Protecting Yourself",negative
"Bitcoin's price continues to hover near $90,000, but analysts warn it could face a short-term correction.",negative
"In macOS Sequoia 15.2, you can share a single window or app over AirPlay instead of your entire screen.",neutral
Picture a HomePod with a display as big as two iPhones placed side by side.,neutral
Ilya Lichtenstein masterminded one of the largest-,negative
A 40% discount on an Apple product is unheard of.,negative
"Stock market today: Indexes drop as tech shares slide before Apple, Amazon earnings",negative
"The Trump trade was largely extended on Monday, with shares of Tesla, bitcoin, the US dollar, and US bank stocks all surging.",positive
"But new research says the site is flooded with what’s known as “wash trading,” and that’s making the platform seem more popular than it is.",negative
"At $749, this premium MacBook Air M2 is priced similarly to mid-range Windows laptops.",neutral
"Amazon Has Lowered The Price of AirTags Once More, And We Highly Recommend The 4-Pack Option",positive
Apple told EU users on Monday that its AI suite will arrive in April 2025. ,neutral
"Bitcoin’s rally shows no signs of slowing, with the leading cryptocurrency surging past the $98,000 mark to hit a new all-time high.",positive
"Bitcoin has surged to a new high of $94,000, bringing the long-anticipated milestone of $100,000 tantalizingly within reach. ",positive
"Black Friday Apple deals 2024: The best Apple sales on iPads, AirPods, Apple Watches, MacBooks and AirTags",neutral
Trump Already Preparing to Load Up Government with Pro-Crypto Officials,negative
The sentiment among crypto enthusiasts that a pro-crypto ally is now leading the country has fueled gains across the entire cryptocurrency market.Rea,positive
Amazon Slashes Prices on the Latest Apple Ultrabook.,negative
Bitcoin's wild election year ride in 3 charts,neutral
How to invest in Bitcoin and crypto — without actually buying it,neutral
"Bitcoin touches a record-high $85K, adding almost $20K in a week; Tesla is up 7%+ today, while Meta, Apple, Nvidia, Amazon, and Microsoft are down slightly  —  Gold and most of the so-called magnificent seven tech stocks are down",negative
Do you want an Apple Watch without spending $800? Now is your chance!,positive
STOCKS SET TO SOAR ON ELECTION VERDICT,positive
Silo‘s Showrunner Talks Mapping Out the Apple TV+ Sci-Fi Mystery,neutral
'Trump Trade': Election news leads to biggest 1-day stock market gain in 2 years,positive
First Mover Americas: BTC Recovers From Friday's Slide to Reclaim $68.5K CoinDesk,positive
"Election betting, tech stocks sink, and Bitcoin under Trump: Markets news roundup",negative
"The Dow climbs 300 points as Bitcoin nears the $100,000 mark",positive
"In the afternoon, the Dow Jones Industrial Average rose by 337 points, or 0.7%, while the broader S&P 500 edged higher by 0.2%.",positive
"Bitcoin keeps hitting new record highs as the cryptocurrency rallies on Donald Trump’s presidential election win, which will put a crypto ally in the White House for the first time ever.",positive
"Two Times Cheaper Than an iPad Pro, This iPad Air Is Going to Sell Like Hotcakes",positive
"Mac Mini (2024): Specs, Release Date, Price, Features",neutral
Bitcoin binary seed storage #3DThursday #3DPrinting,neutral
Apple has partnered with Corsair for its first gaming keyboard and mouse that could turn your Mac mini into the little gaming console that could.,positive
"The first Apple Intelligence features, including Writing Tools and AI notification",neutral
"Apple iPad 9 Is Now Under $200, Lowest Price Ahead of Black Friday",positive
"Bitcoin is holding strong at $72,000, poised for a potential new all-time high just a week before the U.S. elections — an event that many traders anticipate will boost market optimism, irrespective of the outcome. ",positive
"Bitcoin’s price has fallen to $96,256, retreating from its recent high of $99,645 achieved on Nov. 22.",negative
"Bitcoin holds steady at $70,000, awaiting election results for movement",neutral
Time to get your grifts ready.,negative
Noah Michael Urban was already facing charges in federal court in Jacksonville. ,neutral
"The new M4-based iMac doesn’t launch until November 8, but you can already preorder it starting at $1,299. ",neutral
MicroStrategy keeps buying up Bitcoin as the Trump election rally powers crypto higher,positive
"Rebecca Ferguson, Common, Tim Robbins, and Steve Zahn star in the second season starting November 15.",neutral
"Rumors of a fourth-generation iPhone SE point to a big update, with a modern design and upgraded internals.",positive
"When purchasing goods and services from Booking.com and ChargePoint, ‌Apple Card‌",neutral
"The operator of the longest-running money laundering machine in dark web history, Bitcoin Fog, has been sentenced to 12 years and six months in US prison.<!--#include virtual='/data_centre/_whitepaper_textlink",negative
"Donald Trump's election win has boosted Bitcoin to record highs, with the leading cryptocurrency outpacing both crypto rivals and traditional assets",positive
Bitcoin Faces Potential $70K Correction Before Targeting $100K as Whale Activity Remains Strong,negative
"Bitcoin passed $94,000 for the first time, following reports that President-elect Donald Trump’s media company could be close to buying a cryptocurrency trading platform.",positive
Stock market today: Indexes fall as Powell says the Fed is in no hurry to cut interest rates,negative
"Indexes slipped as traders zeroed in on remarks from Fed Chair Jerome Powell, who said the central bank is in no hurry to cut rates amid a strong economy.",negative
"Bitcoin Smashes Past $70,000 Ahead of US Election Decrypt",positive
"Bitcoin gets back to $70,000 with Donald Trump and Kamala Harris neck-and-neck on Election Day",neutral
"At the moment, one such deal is on the Apple Watch Series 10",neutral
"Bitcoin Recovers Back Above $68,000: Who Is Driving The Run? Bitcoinist",positive
AirPods Pro 2 Hearing Health Features Hands-On,neutral
"Prices ‘are about to explode’ on these assets, the author predicts.",positive
Ilya Lichtenstein laundered the stolen cryptocurrency with his wife Heather Morgan aka Razzlekhan.,negative
Apple Highlights Apple Pay in New 'Plates' Ad,neutral
"This significant price jump, following Trump’s election victory, has reignited enthusiasm among investors who had previously been hesitated",positive
"Trump's tariffs, ranging from 20% to 60%, will drive up prices and inflation, leaving consumers with only a few options to prepare.",negative
Apple receives EU warning to end ‘discriminatory’ geo-blocking practices,negative
Your Emoji Reacts Will Finally Work Correctly on Texts From iPhone to Android,positive
"Apple today released watchOS 11.1, the first major update to the operating system that runs on the Apple Watch. ",neutral
"The “Trump-Trade” was in overdrive Wednesday, making it one for the history books on Wall Street with record finishes for all three major stock indices.",positive
Apple's latest M4-powered MacBook Pro is a pretty stellar laptop. ,positive
"Apple Intelligence is making its proper debut with the public releases of iOS 18.1, iPadOS 18.1 and macOS Sequoia 15.1. ",neutral
A major Bitcoin investment fund just announced a ten-figure buy of the cryptocurrency.,positive
Here’s where you can preorder Apple’s colorful M4 iMac (and what’s included),neutral
Trump picks Howard Lutnick for commerce secretary job,neutral
"The odds of a U.S. Bitcoin Reserve grow as Pennsylvania introduces a bill to invest in bitcoin, with potential for $23.3B in BTC purchases, impacting markets and prices.",positive
Samsung Teases Its Own Headset to Rival the Apple Vision Pro in 2025,neutral
"Bitcoin, Ether, XRP, and others: Cryptocurrencies to watch this week",neutral
Judge says upstate NY bitcoin mine can continue to operate despite climate concerns,neutral
Here's what people are betting on in prediction markets now that the election is over,neutral
Bitcoin just hit another peak — and shows no signs of slowing down after Trump’s win,positive
Kids with Android phones will be able to use Google Wallet tap-to-pay soon,neutral
"Goldman says the party's over, Tesla stock soars, and Microsoft's Bitcoin bet: Markets news roundup",neutral
"Matter 1.4, the latest specification for the Apple, Amazon, and Google-backed standard, brings improvements to interoperability and enables energy management solutions.",positive
Bitcoin just hit a new all-time high with crypto investors bullish on Donald Trump's prospects,positive
"Apple Can Be Upset, Amazon Just Announced 40% Off on One of Its Top iPads For Early Black Friday",negative
"Apple today released visionOS 2.1, the first update to the visionOS 2 operating system that came out in September. ",neutral
The wait is finally over. ,neutral
"Bitcoin surged to a new all-time high of just over $77,000 on Friday, continuing its record-breaking streak following Donald Trump’s reelection as President of the United States.",positive
"Coinbase, MicroStrategy and other crypto stocks are soaring after Trump's election win",positive
"The US-led crypto rally is leaving its mark in Asia as Bhutan's BTC holdings reached $1.1B, 36% of its GDP, increased trading activity in South Korea, and more  —  - Bhutan's Bitcoin holdings are now equivalent to 36% of GDP  — South Korean crypto ",positive
Bitcoin ETFs saw record outflows ahead of the election as the market eyes the potential for uncertainty to spark volatility for the crypto.,negative
"Apple just announced a new version of the Magic Mouse, and it still has the charging port on the underside of the device.",negative
A report claims Apple’s ‘LLM Siri’ will essentially be Gemini Live for iPhone. ,neutral
Crypto is On a Post-Election Run. ,positive
"Bitcoin is approaching its all-time high, currently valued at $71,000, just a week before the U.S. elections—a timeframe many traders view as a bullish event for markets, regardless of the outcome.",positive
"This desktop computer has its first design change since 2010, with a smaller footprint, vents at the bottom, and ports on the front.",neutral
Apple's AI-infused Final Cut Pro 11 is now available,neutral
The crypto industry is celebrating the return of Donald Trump to the White House in anticipation of an easier ride under his regime.,negative
"The SonarPen 2, which doesn’t need to be charged since it relies on sound instead of Bluetooth, adds tilt detection and an improved replaceable tip.",neutral
"The leading cryptocurrencies continue to rise on Trump's reelection, setting records",positive
"Amazon Is Out of Stock, But The iPad 9 Is Still 40% Off at Best Buy For Early Black Friday",neutral
Donald Trump's election win sparked a Bitcoin boom. ,positive
Apple Planning 'Ten Year Celebration' Activity Achievement for Apple Watch,positive
Apple News will let you watch election results from your lockscreen,neutral
"For the past few years, retailers like Amazon, Walmart and Target have ushered in the holiday shopping season earlier and earlier, ",neutral
Apple’s next AirTag is coming in 2025 with privacy improvements,neutral
The future of crypto regulation comes down to one unpopular man,negative
Why are still no closer to unmasking the mysterious Satoshi Nakamoto?,negative
‘Huge Things Coming’—Bitcoin Explodes As Secret ‘Nation-State’ Adoption Mystery Rumors Fuel A Crypto Price Boom,positive
"visionOS 2.1 comes a month after the launch of ‌visionOS 2‌, and eight months after the release of the Vision Pro headset.can",neutral
Amazon Clears iPad 9 Stock With 40% Off; There Will Be None Left by Black Friday,positive
"Get up to 50% off cases, watch bands, and chargers at Nomad Goods this November. ",neutral
"Stock exposure hits 11-year high as investors expect US equities to be the top-performing asset in 2025, BofA survey says",positive
"Meanwhile, Bitcoin briefly crossed $76,000 on Wednesday, setting a new all-time high.",positive
Presidential race heats up and big tech earnings roll in,neutral
What Donald Trump's Win Will Mean for Big Tech,neutral
Here’s Our First Look at the All-New MacBook Pro Lineup,neutral
"After setting a record high yesterday, Bitcoin continued its remarkable rally, briefly surging past the $90,000 mark.",positive
"Volatility, higher rates, and surging bitcoin. ",negative
The announcement comes in a new video segment following the new iMac and Mac Mini ones this week.,neutral
"The Dow soars 1,300 points after Donald Trump wins the election",positive
Apple’s new MacBook Pros with M4 chips are here. ,neutral
"The US-led crypto rally is leaving its mark in Asia as Bhutan's BTC holdings reached $1.1B, 36% of its GDP, increased trading activity in South Korea, and more (Bloomberg)",positive
"Private prisons, crypto, banks, and the stock-market in general are all soaring at the news of Trump’s return to the White House.",negative
"Forget The Apple Watch, Fitbit Charge 6 And Versa 4 at 40% Off For Early Black Friday on Amazon",neutral
"With the election a day away and polls close, speculation about who will be the country’s next president has created an atmosphere of fear and uncertainty within the crypto community.",negative
"Corporate buyers and headlines aside, state-based bitcoin acquisitions could play a critical role in the bitcoin market going forward.",positive
"According to data from the crypto tracking platform CoinGecko, Bitcoin reached $98,310 on Thursday, setting a historic milestone",positive
It's not just Bitcoin: 3 'altcoins' also rising on Trump's election win,neutral
"Gold prices have soared to new heights, reaching a record $2,733 per ounce, while Bitcoin is thriving, approaching the $70,000 mark. The rally has been fueled by increased investor demand for safe-haven assets amid the Fed’s rate cuts, China’s stimulus plan, ",positive
"Bitcoin surged back to the $70,000 mark on Election Day, as the neck-and-neck race between Kamala Harris and Donald Trump neared a close.",neutral
"ErnestoFer shares: This is a Bitcoin wallet designed to store up to 12 words, each generated according to the BIP39 standard.",neutral
"Apple today released visionOS 2.1.1, a minor update to the visionOS 2 operating system that came out in September. ",neutral
"Bitcoin Smashes Past $70,000 Ahead of US Election",positive
The Samsung Galaxy Watch 6 Is Cheaper Than Apple Watches Only for Amazon’s Black Friday,neutral
11 stocks that are soaring after Trump's election win — and why they're up,positive
"Bitcoin, Ether, Dogecoin, Cardano and more: Cryptocurrencies to watch this week",neutral
"Eric Beiley, executive managing director of The Beiley Group at Steward Partners, spoke with Quartz for the latest installment of our “Smart Investing” video series.",neutral
"Apple today released tvOS 18.1, the newest version of the tvOS 18 operating system that came out in September. ",neutral
A 53% Black Friday price drop makes this $300 wearable fitness tracker a steal at just $140.,positive
Crypto Braces For Huge BlackRock Price Shock Amid $30 Trillion Bitcoin Prediction,negative
"Tesla is up 7%+ today, while Meta, Apple, Nvidia, Amazon, and Microsoft are down slightly",positive
"watchOS 11.1 comes one month after Apple released watchOS 11. watchOS 11.1 is compatible with the Apple Watch Series 6 and later, all Apple Watch U",neutral
"""This market will be driven higher by the policy prospect of deregulation in DC,"" Emanuel wrote in a Wednesday note.",positive
"Typically, point-one versions of Apple operating systems add minor features and fix bugs, but the Apple Intellige",neutral
This week Noah Michael Urban was indicted by a federal grand jury in California.,negative
"The iPhone 17 “Slim” is causing Apple engineers trouble, as its design is making it hard to fit the SIM card, batteries, and various thermal materials.",negative
"The economic impact of a second term for Donald Trump is likely to be volatile, with public spending set to remain high, one commentator wrote.",negative
Indexes edged slightly higher as traders took a breather after the huge post-election rally.,neutral
Folks in the European Union finally know when Apple Intelligence will be available on their mobile devices. ,neutral
"With ‌Apple Pay‌, a stored card can be used for a purchase with just Face ID or Touch ID authentication, allowing for quick purchases.",positive
"Bitcoin touches a record-high $85K, adding almost $20K in a week;",positive
"The M4 MacBook Pro models may be featuring quantum dot technology, though the jury is still out on whether these displays are truly better than before.",neutral
"Donald Trump has clinched victory in the 2024 U.S. presidential election, marking a return to the Oval Office.",neutral
"With a crypto-friendly president-elect and a Congress stacked with crypto supporters, the industry is getting closer to its ultimate goals.",positive
"As our homes (and lives) get smarter, the need for some sort of digital hub big enough to run things becomes more urgent. ",positive
A man hid 5 boxes across the US with more than $2 million worth of treasure inside,neutral
"Apple is announcing an M4 MacBook Pro, an M4 iMac, and a redesigned M4 Mac Mini.",neutral
"But chances are, if it bears the Apple logo, it’s not cheap. ",negative
A trade war looms. ,negative
"The Dow Jones Industrial Average surged more than 1,300 points at market open, the S&P 500 index rose 1.92%, and Nasdaq futures climbed 1.80% as markets began reacting ",positive
The Trump trade is taking off on election night,neutral
"Bhutan Cashes out $33.5B in Bitcoin, Still Holds $1.11B in BTC",negative
"Bitcoin flirted with a run toward the landmark $100,000 level, buoyed by expectations of friendly US regulations and expanding investor",positive
"The Dow Jones Industrial Average and the S&P 500 were in positive territory Monday morning, as stocks continued to rally on Donald Trump’s presidential election victory.",positive
Donald Trump’s impending return to the White House has boosted some industrial sectors he has historically championed and others he advocated for during his campaign. ,neutral
MicroStrategy stock falls 5% after hours amid $42 billion Bitcoin-buying plan,negative
"With its biggest update to Final Cut Pro (FCP) in years, Apple may be re-embracing the professional video creator crowd it has neglected since the launch of FCP X in 2011. ",positive
Here’s what you should know about the various configurations.,neutral
Here Are the Best Crypto Wallets to Store Your Bitcoin and Doge,neutral
Detroit Will Let You Pay Your Taxes in Bitcoin. ,neutral
"Bitcoin Nears $90,000 as Crypto Market Exceeds Pandemic-Era Peak",positive
"The crypto community is celebrating President-elect Donald Trump’s election victory, and so are crypto stocks. ",positive
Bitcoin Sets Another Record as Bullish Bets Continue,positive
The holiday shopping season is effectively the entire month of November n,neutral
"The company finally unveiled its successor, Final Cut Pro 11 (FCP 11), an update ",positive
"And Thursday he was sentenced to a five-year prison term, reports the Associated Press:",negative
"Apple appears to be planning an activity challenge to celebrate the 10th anniversary of the Apple Watch, which was released in 2015. ",neutral
"Wall Street, crypto investors, and shareholders in Trump Media are all cheering the election results.",positive
"Bitcoin reached an all-time high Tuesday night, crossing the $75,000 mark, and companies tied to the crypto, such as Coinbase, MicroStrategy, Marath",positive
Stock market today: Stocks edge higher after huge rally as traders await Fed decision,positive
"After hitting record highs following Trump’s victory, the Dow and S&P 500 hit the brakes on Tuesday, a day before the release of the Consumer Price Index (CPI) and core CPI data.",negative
"Apple iMac (M4, 2024) Review: Small but Worthwhile Upgrades",neutral
These Apple-owned headphones are the best you can get for under $100.,positive
Apple’s budget phone is overdue for an overhaul. ,negative
The Apple MacBook Air (Grade-A refurbished) is going for just $250 (74% off) at StackSocial.,positive
"Bitcoin Drops to $96,256 After Failing To Break $100K, Triggering $500M in Liquidations",negative
"While US shares have rallied since the election, non-US stocks have stumbled as investors brace for the potential impact of a new trade war under Trump.",negative
Apple Intelligence is coming to EU iPhones and iPads in April,neutral
"Bitcoin nears $100,000 as investors bet on crypto-friendly Trump policies",positive
"Elon Musk frequently references ""Doge,"" an internet meme from the 2010s based on a photo of a Shiba Inu dog with Comic Sans text overlaid on top.",neutral
The Worst People in the World Are Making a Ton of Money After Trump’s Victory,negative
"The Dow soars, Tesla and Trump Media gain, and what Trump's win means: Election news roundup",positive
"Apple today stopped signing iOS 18.0.1, preventing iPhone users who have upgraded to iOS 18.1 from downgrading to iOS 18. ",negative
This cheaper Apple Pencil alternative now has tilt detection and a better tip,positive
Some specific stocks that are very much tied to President-elect Donald Trump are soaring.,positive
"Bitcoin, Ether, Dogecoin, Shiba Inu, and more: Cryptocurrencies to watch this week",neutral
"Announced at an Apple event in March 2019, ‌Apple TV‌+ was part of a major services push that included Apple News+, Apple Card, and Apple Arcade.",neutral
"Bitcoin Retail Investor Selling Signals Coming Pullback, but There Might be a Catch",negative
"Bitcoin (BTC) remains just shy of its all-time high, potentially biding its time for the election results. ",neutral
"Apple devices are some of the most sought after this time of year and, believe it or not, you can find some decent Black Friday deals on them if you know where to look. ",positive
"On Election Day in the US, Apple News is rolling out live results to lockscreens.",neutral
What will happen to Bitcoin if Donald Trump or Kamala Harris win the election? Here's what to know,neutral
The bitcoin price is braced for a huge U.S. spot bitcoin exchange-traded fund (ETF) earthquake,neutral
Odds Of Creating A U.S. Bitcoin Reserve Rise After State Introduces Bill,positive
"Still, Apple's better off not rushing things.",neutral
"Since Election Day, the cryptocurrency has gained nearly 30%, adding approximately $20,000 to its value.",positive
Amazon has listed a record low price for this fantastic Apple tablet.,positive
More than a billion dollars has been bet on the presidential election on the website Polymarket.,neutral
"Bitcoin surged to a new all-time high just above $75,000 on Tuesday night, a gain of more than 10% in just 24 hours as early election returns had crypto investors bullish on former President Donald Trump’s prospects for a return to the White House.",positive
"More than 120,000 bitcoin were stolen in a 2016 breach of Bitfinex. ",negative
Non-US stocks have seen their sharpest sell-off since August on fears over Trump's tariffs,negative
"Whilst many naysayers have declared Bitcoin dead over 400 times, Bitcoin is officially back and we are only now witnessing the beginning of Bitcoin as global currency.",positive
Shouts & Murmurs by Kira Garcia: Like to watch TikToks while your toddler eats a bagel from the subway floor? Take this quiz to determine how bad a mom or dad you really are.,negative
"Trump Media, Tesla, and crypto stocks surge as Trump wins — and clean energy companies tumble",negative
President-elect Donald Trump on Tuesday announced that he has picked Cantor Fitzgerald CEO Howard Lutnick as his secretary of the Department of Commerce.,neutral
"Trump's presidency could help small-cap stocks soar in the coming years, Fundstrat's Tom Lee says",positive
"Apple Reveals the New 2024 iMac: Familiar on the Outside, but With New Power Inside",neutral
"This week, all eyes are on two major events: the highly anticipated Black Friday sales and Bitcoin’s potential breakthrough to the $100,000 milestone.",neutral
Apple put the Magic Mouse’s charging port on the bottom again,neutral
'I was scammed out of £75k by Martin Lewis deepfake advert',negative
"Bitcoin soars past $82,000 as the Trump rally shows no sign of slowing",positive
Future Apple Watches Could Have Sensors Embedded in the Bands,neutral
Prosecutors hand Russo-Swede a half-billion bill,negative
"MicroStrategy Inc. said Monday that it spent the the first weeks of November stockpiling the digital asset, and its shares are up 17% in Monday trading.",positive
A Grade-A Refurbished MacBook Air Costs the Same as Apple AirPods Pro,negative
"Trump Media stock and Bitcoin are signaling a Donald Trump election win, strategist says",negative
Polls suggest a tightly contested race between Donald Trump and harris,neutral
Apple’s new AirPlay options for macOS add a little more privacy,positive
"Speculation about who will become the 47th president of the United States—Donald Trump or Kamala Harris—has created an atmosphere of fear, uncertainty, ",negative
"Trump's trade plan could mean higher prices, and avoiding the impact won't be simple",negative
You can say goodbye to the dreaded “ to ‘why the hell aren’t emoji reacts working?’” from iOS to Android.,positive
The Dow slumps 380 points as the market's post-election Trump rally loses steam,negative
Matter 1.4 tries to set the smart home standard back on track,positive
"BlackRock's Bitcoin ETF Options Soar to $1.9B on Debut, Fueling Bitcoin's Surge to New All-Time Highs",positive
Apple Plans to Go Retro With Its New Smart Home Display,neutral
"It’s been a few years since Apple first introduced the AirTag, and while the tracker has undoubtedly become a useful everyday tool for a lot of buyers, there have also been concerns — and a class-action lawsuit — over misuses of the device as reports of Air",negative
"Stock market today: Dow closes above 44,000, tech shares stumble as traders eye inflation data",negative
"The crypto community is buzzing, with celebrations sweeping",positive
Nomad Discount Codes and Deals: 50% Off | November 2024,neutral
"Black Friday may technically just be one day, but it’s evolved to consume the entire month of November in the US at this point. ",neutral
"Des Healey lost £76,000 in a scam using a deepfake of Martin Lewis and Elon Musk.",negative
"An early bitcoin investor concealed the chests, which include bitcoin, antiques, and an emerald, and published a book with clues to find them.",neutral
Bitcoin Approaches All Time High. ,positive
"The headset will likely be priced between $1,000 and $1,500 competing with both the Apple Vision Pro and the Meta Quest 3.",neutral
Apple Card 3% Daily Cash Back Now Available From Two More Apple Partners,positive
"The leading cryptocurrency is hovering tantalizingly close to the six-figure mark, sparking widespread specu",positive
"As Trump Takes a Victory Lap, the Crypto Faithful Kiss the Ring",negative
"The display is brighter this time around, peaking at 1,000 nits for SDR (standard dynamic range) content and 1,600 nits ",neutral
"MicroStrategy Corp. (MSTR), a prominent advocate for Bitcoin, saw its shares fall by nearly 5% in after-hours trading following news that the business intelligence firm intends to continue expanding its Bitcoin holdings despite a downturn in overall revenue.R",negative
It is not unusual for Apple to stop signing older versions of iOS shortly after a ,neutral
Apple unveils its top-of-the-line M4 Max chip,neutral
"Apple has officially announced its M4-equipped Mac Minis, iMacs, and MacBook Pros, and we were able to take photos of the new computers.",neutral
"BITCOIN FLIRTS WITH $100,000",neutral
"The museum's monetary collection has struggled with how to display cryptocurrency, but a federal agent's laptop is helping to shape our understanding of the future of money.",neutral
"November is in full swing, which means Black Friday is right around the corner. ",neutral
Apple’s First Gaming Keyboard and Mouse Aren’t Made by Apple at All,negative
The M4 Max has a 40-core GPU — double the number of cores found in the M4 Pro that the company revealed this week. ,positive
"Meanwhile, Bitcoin briefly crossed $75,000 on Monday morning, setting a new all-time high.",positive
"Pennsylvania Passes Bitcoin Rights Bill, Proposes Strategic Reserve",positive
"The cryptocurrency has surged since Election Day, on investor hopes that President-elect Donald J. Trump and his ",positive
Creator of Crypto Mixer ‘Bitcoin Fog’ Gets 12 1/2 Years In Prison,negative
Fitbit's activity tracker and smartwatch hit all-time low prices before Black Friday.,negative
"State regulators are trying to close the Finger Lakes facility, which uses a natural gas plant to run a massive Bitcoin operation.",negative
This Apple Black Friday deal gets you $50 off the Apple Watch Series 10 on Amazon,positive
"Turns out the first time was the charm, but this one’s great too.",positive
Seven years later the perpetrator pleaded guilty. ,neutral
"It’s why Amazon surprise-released a new 21-inch version of its Echo Show that does everything the Show 15 did, but biggererer. ",neutral
"Five-Year Prison Sentence for Man who Stole 120,000 Bitcoin from Bitfinex in 2016",negative
Dark web crypto laundering kingpin sentenced to 12.5 years in prison,negative
"Between the ”Let Loose” iPad event in May, the iPhone 16 “It’s Glowtime” event in September and the Mac Week non-event in October, Apple has been busy releasing a slew of new iPads, Macs, Apple Watches, MacBooks and more for 2024. ",neutral
The M4 MacBook Pro Might Be Hiding a Significant Screen Upgrade,neutral
"A US judge sentences Russian-Swedish national Roman Sterlingov to 12.5 years for operating crypto mixer Bitcoin Fog from 2011 to 2021, laundering ~$400M (Sabrina Willmer/Bloomberg)",negative
"Bitcoin Pushes Past $90,000",positive
Markets and Bitcoin are soaring.,positive
"The crypto market is bracing for a pivotal earnings week, as the performance of the stock market is likely to impact digital assets as well.",neutral
"AirTags help you locate your items, even if you're thousands of kilometers away, thanks to the Apple network.",neutral
"The leading cryptocurrency, Bitcoin, remains steady at $68,000, where it has hovered for the past week, as traders awa",neutral
"U.S. stocks climbed on Friday, with all three major indices advancing toward solid weekly gains.",positive
Apple Intelligence starts rolling out with iOS 18.1 and macOS 15.1,neutral
"The Dow Jones jumps over 1,300 points after Trump wins the election",positive
It’s round four for the iMac on Apple silicon. ,neutral
"The guy who spent 10,000 Bitcoin on a pizza probably would warn you against doing this.",negative
Bitcoin is better than gold — even as gold hits record highs. ,positive
"Cryptocurrency backers continue to bid up Bitcoin prices, pushing the digital token to a new high of about $84,000 on Monday.",positive
MicroStrategy purchases another $5.4 Billion in bitcoin,positive
"‘The price is hard to swallow’: Robert Kiyosaki cringes as he pays $14 for an egg salad sandwich, warns of ‘everything bubble’ and ‘major stock market crash.’ What he likes for protection",negative
"The US dollar, Treasury yields, and stock futures traded up on higher betting market odds of a Trump win.",positive
"Apple doesn't discount its new MacBook Pro M4 models on the Apple Store, but Amazon is slashing prices.",negative
"Bitcoin rally slows as it nears $90,000 — now with a bigger market cap than silver",neutral
"Apple devices have a few things in common: they’re well-designed, solidly built and easily connect with one another. ",neutral
Apple TV+ also released a season one recap ahead of the Rebecca Ferguson sci-fi show's November 15 return.,neutral
That’s why promos like Black Friday are always worth checking out,positive
"Following the illustrious line of calendar-spanning corporate events like Lobsterfest and Shark Week, Apple tried something new this year with a celebration unofficially known as Mac Week. ",neutral
"The 44 Black Friday tech deals worth shopping right now from Amazon, Walmart, Target, Apple and others",neutral
The Dow surges 475 points as stocks and Bitcoin continue to rally on Trump's victory,positive
"This iPad is one of the best you'll find in Apple's lineup, and you can get one for one of its lowest prices yet right now.",positive
"So, That’s The Beginning Of Bitcoin Then",neutral
The era of double-digit growth in the stock market may be coming to an end.,negative
iPhone 17 ‘Slim’ rumors are still floating around,neutral
Rumors are swirling that a country has been quietly buying up bitcoin.,neutral
"Following Donald Trump’s reelection, the crypto community has continued to rally behind his return to the White House.",neutral
The Morning After: Amazon’s got a 21-inch Echo Show,neutral
"Bitcoin breaks through $94,000 for the first time — and it's getting less volatile",positive
"Bitcoin just surpassed $77,000 — a new all-time high",positive
But the days in which you had to wait for Black Friday proper to get good deals have long been behind us. ,negative
Bitcoin's $100K dream is closer than ever,positive
Dogecoin spikes another 15% after Musk appointed to lead DOGE department for Trump,positive
"Apple today shared a new Apple Pay ad ahead of the holidays, promoting the service's ease of use for online shopping. ",neutral
Beats Solo 4 at 50% Off: Did Amazon Get Apple’s Approval for This Insane Price?,negative
"As part of his overtures to the crypto industry, Donald Trump has promised to fire embattled SEC chair Gary Gensler on ‘day one.’",negative
The European Union has accused Apple of unlawfully applying geo-blocking measures that discriminate against EU customers and violate consumer protection rules.,negative
Why Spend $700 on an Apple Watch When You Can Get The Apple Watch SE For Just $169?,negative
"World's popular digital currency rises as high as $99,073 on expectations Trump will ease legal and regulatory hurdles.",positive
"Pennsylvania advances Bitcoin legislation with a Bitcoin Rights Bill and proposed Strategic Reserve, sparking debate on crypto's role in state and national public funds.",neutral
"Bitcoin smashes $98,000 mark—$100K now within easy reach",positive
"The 'Doge' dog meme that Elon Musk loves, explained in 1 minute",neutral
"In the latest iOS 18.2 beta, there's a mention of a ""Ten Year Celebration"" with references to an activity achievement, so it s",neutral
"Dogecoin spiked again on Wednesday after Donald Trump appointed Elon Musk to help lead the Department of Government Efficiency, or DOGE.",positive
"Bitcoin has surged to new heights, breaking the all-time record just hours after it soared past $75,000 on Tuesday night.",positive
